name,time
p=1,0.6040451
p=2,0.6288096999999999
p=4,0.6977421999999998
p=8,0.8048430999999998
p=16,0.9930281999999999
